Workbook

Sheet locomotive_EF_update_221101
A1: INPUT_TABLE
A2: Variable ID
A3: GLIMPSEInputEmissCoef
A5: region | B5: supplysector | C5: tranSubsector | D5: stub-technology | E5: year | F5: pollutant | G5: value | H5: type
A6: all states | B6: trn_freight | C6: Freight Rail | D6: Liquids | E6: 2015 | F6: SO2_1 | G6: =sulfur!C13 -> 0.00081884742 | H6: input-driver
A7: all states | B7: trn_freight | C7: Freight Rail | D7: Hybrid Liquids | E7: 2015 | F7: SO2_1 | G7: =G6 -> 0.00081884742 | H7: input-driver
A8: all states | B8: trn_pass | C8: Passenger Rail | D8: Liquids | E8: 2015 | F8: SO2_1 | G8: =G7 -> 0.00081884742 | H8: input-driver
A9: all states | B9: trn_pass | C9: Passenger Rail | D9: Liquids | E9: 2015 | F9: SO2_1 | G9: =G8 -> 0.00081884742 | H9: input-driver
A10: all states | B10: trn_freight | C10: Freight Rail | D10: Liquids | E10: 2020 | F10: NOx | G10: =TimeSeries!C5 -> 0.92651454 | H10: input-driver
A11: all states | B11: trn_freight | C11: Freight Rail | D11: Liquids | E11: 2025 | F11: NOx | G11: =TimeSeries!D5 -> 0.70138016 | H11: input-driver
A12: all states | B12: trn_freight | C12: Freight Rail | D12: Liquids | E12: 2030 | F12: NOx | G12: =TimeSeries!E5 -> 0.51954086 | H12: input-driver
A13: all states | B13: trn_freight | C13: Freight Rail | D13: Liquids | E13: 2035 | F13: NOx | G13: =TimeSeries!F5 -> 0.37233762 | H13: input-driver
A14: all states | B14: trn_freight | C14: Freight Rail | D14: Liquids | E14: 2040 | F14: NOx | G14: =TimeSeries!G5 -> 0.27708846 | H14: input-driver
A15: all states | B15: trn_freight | C15: Freight Rail | D15: Liquids | E15: 2045 | F15: NOx | G15: =TimeSeries!G5 -> 0.27708846 | H15: input-driver
A16: all states | B16: trn_freight | C16: Freight Rail | D16: Liquids | E16: 2050 | F16: NOx | G16: =TimeSeries!G5 -> 0.27708846 | H16: input-driver
A17: all states | B17: trn_freight | C17: Freight Rail | D17: Liquids | E17: 2020 | F17: PM10 | G17: =TimeSeries!C9 -> 0.027134688 | H17: input-driver
A18: all states | B18: trn_freight | C18: Freight Rail | D18: Liquids | E18: 2025 | F18: PM10 | G18: =TimeSeries!D9 -> 0.019536976 | H18: input-driver
A19: all states | B19: trn_freight | C19: Freight Rail | D19: Liquids | E19: 2030 | F19: PM10 | G19: =TimeSeries!E9 -> 0.01302465 | H19: input-driver
A20: all states | B20: trn_freight | C20: Freight Rail | D20: Liquids | E20: 2035 | F20: PM10 | G20: =TimeSeries!F9 -> 0.0086831003 | H20: input-driver
A21: all states | B21: trn_freight | C21: Freight Rail | D21: Liquids | E21: 2040 | F21: PM10 | G21: =TimeSeries!G9 -> 0.0054269377 | H21: input-driver
A22: all states | B22: trn_freight | C22: Freight Rail | D22: Liquids | E22: 2045 | F22: PM10 | G22: =TimeSeries!G9 -> 0.0054269377 | H22: input-driver
A23: all states | B23: trn_freight | C23: Freight Rail | D23: Liquids | E23: 2050 | F23: PM10 | G23: =TimeSeries!G9 -> 0.0054269377 | H23: input-driver
A24: all states | B24: trn_freight | C24: Freight Rail | D24: Liquids | E24: 2020 | F24: PM2.5 | G24: =TimeSeries!C17 -> 0.025540282 | H24: input-driver
A25: all states | B25: trn_freight | C25: Freight Rail | D25: Liquids | E25: 2025 | F25: PM2.5 | G25: =TimeSeries!D17 -> 0.018389003 | H25: input-driver
A26: all states | B26: trn_freight | C26: Freight Rail | D26: Liquids | E26: 2030 | F26: PM2.5 | G26: =TimeSeries!E17 -> 0.012259335 | H26: input-driver
A27: all states | B27: trn_freight | C27: Freight Rail | D27: Liquids | E27: 2035 | F27: PM2.5 | G27: =TimeSeries!F17 -> 0.0081728903 | H27: input-driver
A28: all states | B28: trn_freight | C28: Freight Rail | D28: Liquids | E28: 2040 | F28: PM2.5 | G28: =TimeSeries!G17 -> 0.0051080564 | H28: input-driver
A29: all states | B29: trn_freight | C29: Freight Rail | D29: Liquids | E29: 2045 | F29: PM2.5 | G29: =TimeSeries!G17 -> 0.0051080564 | H29: input-driver
A30: all states | B30: trn_freight | C30: Freight Rail | D30: Liquids | E30: 2050 | F30: PM2.5 | G30: =TimeSeries!G17 -> 0.0051080564 | H30: input-driver
A31: all states | B31: trn_freight | C31: Freight Rail | D31: Liquids | E31: 2020 | F31: NMVOC | G31: =TimeSeries!C13 -> 0.055633251 | H31: input-driver
A32: all states | B32: trn_freight | C32: Freight Rail | D32: Liquids | E32: 2025 | F32: NMVOC | G32: =TimeSeries!D13 -> 0.041062638 | H32: input-driver
A33: all states | B33: trn_freight | C33: Freight Rail | D33: Liquids | E33: 2030 | F33: NMVOC | G33: =TimeSeries!E13 -> 0.030465828 | H33: input-driver
A34: all states | B34: trn_freight | C34: Freight Rail | D34: Liquids | E34: 2035 | F34: NMVOC | G34: =TimeSeries!F13 -> 0.022518221 | H34: input-driver
A35: all states | B35: trn_freight | C35: Freight Rail | D35: Liquids | E35: 2040 | F35: NMVOC | G35: =TimeSeries!G13 -> 0.017219816 | H35: input-driver
A36: all states | B36: trn_freight | C36: Freight Rail | D36: Liquids | E36: 2045 | F36: NMVOC | G36: =TimeSeries!G13 -> 0.017219816 | H36: input-driver
A37: all states | B37: trn_freight | C37: Freight Rail | D37: Liquids | E37: 2050 | F37: NMVOC | G37: =TimeSeries!G13 -> 0.017219816 | H37: input-driver
A38: all states | B38: trn_pass | C38: Passenger Rail | D38: Liquids | E38: 2020 | F38: NOx | G38: =TimeSeries!C6 -> 0.84217428 | H38: input-driver
A39: all states | B39: trn_pass | C39: Passenger Rail | D39: Liquids | E39: 2025 | F39: NOx | G39: =TimeSeries!D6 -> 0.61578334 | H39: input-driver
A40: all states | B40: trn_pass | C40: Passenger Rail | D40: Liquids | E40: 2030 | F40: NOx | G40: =TimeSeries!E6 -> 0.44372623 | H40: input-driver
A41: all states | B41: trn_pass | C41: Passenger Rail | D41: Liquids | E41: 2035 | F41: NOx | G41: =TimeSeries!F6 -> 0.29883603 | H41: input-driver
A42: all states | B42: trn_pass | C42: Passenger Rail | D42: Liquids | E42: 2040 | F42: NOx | G42: =TimeSeries!G6 -> 0.20827966 | H42: input-driver
A43: all states | B43: trn_pass | C43: Passenger Rail | D43: Liquids | E43: 2045 | F43: NOx | G43: =TimeSeries!G6 -> 0.20827966 | H43: input-driver
A44: all states | B44: trn_pass | C44: Passenger Rail | D44: Liquids | E44: 2050 | F44: NOx | G44: =TimeSeries!G6 -> 0.20827966 | H44: input-driver
A45: all states | B45: trn_pass | C45: Passenger Rail | D45: Liquids | E45: 2020 | F45: PM10 | G45: =TimeSeries!C10 -> 0.026404885 | H45: input-driver
A46: all states | B46: trn_pass | C46: Passenger Rail | D46: Liquids | E46: 2025 | F46: PM10 | G46: =TimeSeries!D10 -> 0.017603257 | H46: input-driver
A47: all states | B47: trn_pass | C47: Passenger Rail | D47: Liquids | E47: 2030 | F47: PM10 | G47: =TimeSeries!E10 -> 0.010059004 | H47: input-driver
A48: all states | B48: trn_pass | C48: Passenger Rail | D48: Liquids | E48: 2035 | F48: PM10 | G48: =TimeSeries!F10 -> 0.0062868774 | H48: input-driver
A49: all states | B49: trn_pass | C49: Passenger Rail | D49: Liquids | E49: 2040 | F49: PM10 | G49: =TimeSeries!G10 -> 0.0037721264 | H49: input-driver
A50: all states | B50: trn_pass | C50: Passenger Rail | D50: Liquids | E50: 2045 | F50: PM10 | G50: =TimeSeries!G10 -> 0.0037721264 | H50: input-driver
A51: all states | B51: trn_pass | C51: Passenger Rail | D51: Liquids | E51: 2050 | F51: PM10 | G51: =TimeSeries!G10 -> 0.0037721264 | H51: input-driver
A52: all states | B52: trn_pass | C52: Passenger Rail | D52: Liquids | E52: 2020 | F52: PM2.5 | G52: =TimeSeries!C18 -> 0.022084957 | H52: input-driver
A53: all states | B53: trn_pass | C53: Passenger Rail | D53: Liquids | E53: 2025 | F53: PM2.5 | G53: =TimeSeries!D18 -> 0.014723305 | H53: input-driver
A54: all states | B54: trn_pass | C54: Passenger Rail | D54: Liquids | E54: 2030 | F54: PM2.5 | G54: =TimeSeries!E18 -> 0.0084133171 | H54: input-driver
A55: all states | B55: trn_pass | C55: Passenger Rail | D55: Liquids | E55: 2035 | F55: PM2.5 | G55: =TimeSeries!F18 -> 0.0052583232 | H55: input-driver
A56: all states | B56: trn_pass | C56: Passenger Rail | D56: Liquids | E56: 2040 | F56: PM2.5 | G56: =TimeSeries!G18 -> 0.0031549939 | H56: input-driver
A57: all states | B57: trn_pass | C57: Passenger Rail | D57: Liquids | E57: 2045 | F57: PM2.5 | G57: =TimeSeries!G18 -> 0.0031549939 | H57: input-driver
A58: all states | B58: trn_pass | C58: Passenger Rail | D58: Liquids | E58: 2050 | F58: PM2.5 | G58: =TimeSeries!G18 -> 0.0031549939 | H58: input-driver
A59: all states | B59: trn_pass | C59: Passenger Rail | D59: Liquids | E59: 2020 | F59: NMVOC | G59: =TimeSeries!C14 -> 0.045834175 | H59: input-driver
A60: all states | B60: trn_pass | C60: Passenger Rail | D60: Liquids | E60: 2025 | F60: NMVOC | G60: =TimeSeries!D14 -> 0.029570436 | H60: input-driver
A61: all states | B61: trn_pass | C61: Passenger Rail | D61: Liquids | E61: 2030 | F61: NMVOC | G61: =TimeSeries!E14 -> 0.017742261 | H61: input-driver
A62: all states | B62: trn_pass | C62: Passenger Rail | D62: Liquids | E62: 2035 | F62: NMVOC | G62: =TimeSeries!F14 -> 0.010349653 | H62: input-driver
A63: all states | B63: trn_pass | C63: Passenger Rail | D63: Liquids | E63: 2040 | F63: NMVOC | G63: =TimeSeries!G14 -> 0.007392609 | H63: input-driver
A64: all states | B64: trn_pass | C64: Passenger Rail | D64: Liquids | E64: 2045 | F64: NMVOC | G64: =TimeSeries!G14 -> 0.007392609 | H64: input-driver
A65: all states | B65: trn_pass | C65: Passenger Rail | D65: Liquids | E65: 2050 | F65: NMVOC | G65: =TimeSeries!G14 -> 0.007392609 | H65: input-driver
A66: all states | B66: trn_freight | C66: Freight Rail | D66: Hybrid Liquids | E66: 2020 | F66: NOx | G66: =TimeSeries!C5 -> 0.92651454 | H66: input-driver
A67: all states | B67: trn_freight | C67: Freight Rail | D67: Hybrid Liquids | E67: 2025 | F67: NOx | G67: =TimeSeries!D5 -> 0.70138016 | H67: input-driver
A68: all states | B68: trn_freight | C68: Freight Rail | D68: Hybrid Liquids | E68: 2030 | F68: NOx | G68: =TimeSeries!E5 -> 0.51954086 | H68: input-driver
A69: all states | B69: trn_freight | C69: Freight Rail | D69: Hybrid Liquids | E69: 2035 | F69: NOx | G69: =TimeSeries!F5 -> 0.37233762 | H69: input-driver
A70: all states | B70: trn_freight | C70: Freight Rail | D70: Hybrid Liquids | E70: 2040 | F70: NOx | G70: =TimeSeries!G5 -> 0.27708846 | H70: input-driver
A71: all states | B71: trn_freight | C71: Freight Rail | D71: Hybrid Liquids | E71: 2045 | F71: NOx | G71: =TimeSeries!G5 -> 0.27708846 | H71: input-driver
A72: all states | B72: trn_freight | C72: Freight Rail | D72: Hybrid Liquids | E72: 2050 | F72: NOx | G72: =TimeSeries!G5 -> 0.27708846 | H72: input-driver
A73: all states | B73: trn_freight | C73: Freight Rail | D73: Hybrid Liquids | E73: 2020 | F73: PM10 | G73: =TimeSeries!C9 -> 0.027134688 | H73: input-driver
A74: all states | B74: trn_freight | C74: Freight Rail | D74: Hybrid Liquids | E74: 2025 | F74: PM10 | G74: =TimeSeries!D9 -> 0.019536976 | H74: input-driver
A75: all states | B75: trn_freight | C75: Freight Rail | D75: Hybrid Liquids | E75: 2030 | F75: PM10 | G75: =TimeSeries!E9 -> 0.01302465 | H75: input-driver
A76: all states | B76: trn_freight | C76: Freight Rail | D76: Hybrid Liquids | E76: 2035 | F76: PM10 | G76: =TimeSeries!F9 -> 0.0086831003 | H76: input-driver
A77: all states | B77: trn_freight | C77: Freight Rail | D77: Hybrid Liquids | E77: 2040 | F77: PM10 | G77: =TimeSeries!G9 -> 0.0054269377 | H77: input-driver
A78: all states | B78: trn_freight | C78: Freight Rail | D78: Hybrid Liquids | E78: 2045 | F78: PM10 | G78: =TimeSeries!G9 -> 0.0054269377 | H78: input-driver
A79: all states | B79: trn_freight | C79: Freight Rail | D79: Hybrid Liquids | E79: 2050 | F79: PM10 | G79: =TimeSeries!G9 -> 0.0054269377 | H79: input-driver
A80: all states | B80: trn_freight | C80: Freight Rail | D80: Hybrid Liquids | E80: 2020 | F80: PM2.5 | G80: =TimeSeries!C17 -> 0.025540282 | H80: input-driver
A81: all states | B81: trn_freight | C81: Freight Rail | D81: Hybrid Liquids | E81: 2025 | F81: PM2.5 | G81: =TimeSeries!D17 -> 0.018389003 | H81: input-driver
A82: all states | B82: trn_freight | C82: Freight Rail | D82: Hybrid Liquids | E82: 2030 | F82: PM2.5 | G82: =TimeSeries!E17 -> 0.012259335 | H82: input-driver
A83: all states | B83: trn_freight | C83: Freight Rail | D83: Hybrid Liquids | E83: 2035 | F83: PM2.5 | G83: =TimeSeries!F17 -> 0.0081728903 | H83: input-driver
A84: all states | B84: trn_freight | C84: Freight Rail | D84: Hybrid Liquids | E84: 2040 | F84: PM2.5 | G84: =TimeSeries!G17 -> 0.0051080564 | H84: input-driver
A85: all states | B85: trn_freight | C85: Freight Rail | D85: Hybrid Liquids | E85: 2045 | F85: PM2.5 | G85: =TimeSeries!G17 -> 0.0051080564 | H85: input-driver
A86: all states | B86: trn_freight | C86: Freight Rail | D86: Hybrid Liquids | E86: 2050 | F86: PM2.5 | G86: =TimeSeries!G17 -> 0.0051080564 | H86: input-driver
A87: all states | B87: trn_freight | C87: Freight Rail | D87: Hybrid Liquids | E87: 2020 | F87: NMVOC | G87: =TimeSeries!C13 -> 0.055633251 | H87: input-driver
A88: all states | B88: trn_freight | C88: Freight Rail | D88: Hybrid Liquids | E88: 2025 | F88: NMVOC | G88: =TimeSeries!D13 -> 0.041062638 | H88: input-driver
A89: all states | B89: trn_freight | C89: Freight Rail | D89: Hybrid Liquids | E89: 2030 | F89: NMVOC | G89: =TimeSeries!E13 -> 0.030465828 | H89: input-driver
A90: all states | B90: trn_freight | C90: Freight Rail | D90: Hybrid Liquids | E90: 2035 | F90: NMVOC | G90: =TimeSeries!F13 -> 0.022518221 | H90: input-driver
A91: all states | B91: trn_freight | C91: Freight Rail | D91: Hybrid Liquids | E91: 2040 | F91: NMVOC | G91: =TimeSeries!G13 -> 0.017219816 | H91: input-driver
A92: all states | B92: trn_freight | C92: Freight Rail | D92: Hybrid Liquids | E92: 2045 | F92: NMVOC | G92: =TimeSeries!G13 -> 0.017219816 | H92: input-driver
A93: all states | B93: trn_freight | C93: Freight Rail | D93: Hybrid Liquids | E93: 2050 | F93: NMVOC | G93: =TimeSeries!G13 -> 0.017219816 | H93: input-driver
A94: all states | B94: trn_pass | C94: Passenger Rail | D94: Hybrid Liquids | E94: 2020 | F94: NOx | G94: =TimeSeries!C6 -> 0.84217428 | H94: input-driver
A95: all states | B95: trn_pass | C95: Passenger Rail | D95: Hybrid Liquids | E95: 2025 | F95: NOx | G95: =TimeSeries!D6 -> 0.61578334 | H95: input-driver
A96: all states | B96: trn_pass | C96: Passenger Rail | D96: Hybrid Liquids | E96: 2030 | F96: NOx | G96: =TimeSeries!E6 -> 0.44372623 | H96: input-driver
A97: all states | B97: trn_pass | C97: Passenger Rail | D97: Hybrid Liquids | E97: 2035 | F97: NOx | G97: =TimeSeries!F6 -> 0.29883603 | H97: input-driver
A98: all states | B98: trn_pass | C98: Passenger Rail | D98: Hybrid Liquids | E98: 2040 | F98: NOx | G98: =TimeSeries!G5 -> 0.27708846 | H98: input-driver
A99: all states | B99: trn_pass | C99: Passenger Rail | D99: Hybrid Liquids | E99: 2045 | F99: NOx | G99: =TimeSeries!G5 -> 0.27708846 | H99: input-driver
A100: all states | B100: trn_pass | C100: Passenger Rail | D100: Hybrid Liquids | E100: 2050 | F100: NOx | G100: =TimeSeries!G5 -> 0.27708846 | H100: input-driver
A101: all states | B101: trn_pass | C101: Passenger Rail | D101: Hybrid Liquids | E101: 2020 | F101: PM10 | G101: =TimeSeries!C10 -> 0.026404885 | H101: input-driver
...

Sheet TimeSeries
A2: Uses 2015 values from GCAM as starting points. Follows trends from RIA
A4: NOx | B4: 2015 | C4: 2020 | D4: 2025 | E4: 2030 | F4: 2035 | G4: 2040 | H4: 2045 | I4: 2050
A5: Freight | B5: =InitData!J4 -> 1.186285 | C5: =$B5*'Change over time'!C22 -> 0.92651454 | D5: =$B5*'Change over time'!D22 -> 0.70138016 | E5: =$B5*'Change over time'!E22 -> 0.51954086 | F5: =$B5*'Change over time'!F22 -> 0.37233762 | G5: =$B5*'Change over time'!G22 -> 0.27708846 | H5: =$B5*'Change over time'!H22 -> 0.27708846 | I5: =$B5*'Change over time'!I22 -> 0.27708846
A6: Pass | B6: =InitData!J5 -> 1.1862885 | C6: =$B6*'Change over time'!C23 -> 0.84217428 | D6: =$B6*'Change over time'!D23 -> 0.61578334 | E6: =$B6*'Change over time'!E23 -> 0.44372623 | F6: =$B6*'Change over time'!F23 -> 0.29883603 | G6: =$B6*'Change over time'!G23 -> 0.20827966 | H6: =$B6*'Change over time'!H23 -> 0.20827966 | I6: =$B6*'Change over time'!I23 -> 0.20827966
A8: PM10 | B8: 2015 | C8: 2020 | D8: 2025 | E8: 2030 | F8: 2035 | G8: 2040 | H8: 2045 | I8: 2050
A9: Freight | B9: =InitData!K4 -> 0.037988564 | C9: =$B9*'Change over time'!C26 -> 0.027134688 | D9: =$B9*'Change over time'!D26 -> 0.019536976 | E9: =$B9*'Change over time'!E26 -> 0.01302465 | F9: =$B9*'Change over time'!F26 -> 0.0086831003 | G9: =$B9*'Change over time'!G26 -> 0.0054269377 | H9: =$B9*'Change over time'!H26 -> 0.0054269377 | I9: =$B9*'Change over time'!I26 -> 0.0054269377
A10: Pass | B10: =InitData!K5 -> 0.042750766 | C10: =$B10*'Change over time'!C27 -> 0.026404885 | D10: =$B10*'Change over time'!D27 -> 0.017603257 | E10: =$B10*'Change over time'!E27 -> 0.010059004 | F10: =$B10*'Change over time'!F27 -> 0.0062868774 | G10: =$B10*'Change over time'!G27 -> 0.0037721264 | H10: =$B10*'Change over time'!H27 -> 0.0037721264 | I10: =$B10*'Change over time'!I27 -> 0.0037721264
A12: VOC | B12: 2015 | C12: 2020 | D12: 2025 | E12: 2030 | F12: 2035 | G12: 2040 | H12: 2045 | I12: 2050
A13: Freight | B13: =InitData!M4 -> 0.083449877 | C13: =$B13*'Change over time'!C30 -> 0.055633251 | D13: =$B13*'Change over time'!D30 -> 0.041062638 | E13: =$B13*'Change over time'!E30 -> 0.030465828 | F13: =$B13*'Change over time'!F30 -> 0.022518221 | G13: =$B13*'Change over time'!G30 -> 0.017219816 | H13: =$B13*'Change over time'!H30 -> 0.017219816 | I13: =$B13*'Change over time'!I30 -> 0.017219816
A14: Pass | B14: =InitData!M5 -> 0.085754264 | C14: =$B14*'Change over time'!C31 -> 0.045834175 | D14: =$B14*'Change over time'!D31 -> 0.029570436 | E14: =$B14*'Change over time'!E31 -> 0.017742261 | F14: =$B14*'Change over time'!F31 -> 0.010349653 | G14: =$B14*'Change over time'!G31 -> 0.007392609 | H14: =$B14*'Change over time'!H31 -> 0.007392609 | I14: =$B14*'Change over time'!I31 -> 0.007392609
A16: PM2.5 | B16: 2015 | C16: 2020 | D16: 2025 | E16: 2030 | F16: 2035 | G16: 2040 | H16: 2045 | I16: 2050
A17: Freight | B17: =InitData!L4 -> 0.035756395 | C17: =$B17*'Change over time'!C34 -> 0.025540282 | D17: =$B17*'Change over time'!D34 -> 0.018389003 | E17: =$B17*'Change over time'!E34 -> 0.012259335 | F17: =$B17*'Change over time'!F34 -> 0.0081728903 | G17: =$B17*'Change over time'!G34 -> 0.0051080564 | H17: =$B17*'Change over time'!H34 -> 0.0051080564 | I17: =$B17*'Change over time'!I34 -> 0.0051080564
A18: Pass | B18: =InitData!L5 -> 0.035756598 | C18: =$B18*'Change over time'!C35 -> 0.022084957 | D18: =$B18*'Change over time'!D35 -> 0.014723305 | E18: =$B18*'Change over time'!E35 -> 0.0084133171 | F18: =$B18*'Change over time'!F35 -> 0.0052583232 | G18: =$B18*'Change over time'!G35 -> 0.0031549939 | H18: =$B18*'Change over time'!H35 -> 0.0031549939 | I18: =$B18*'Change over time'!I35 -> 0.0031549939

Sheet sulfur
B1: SO2 emissions from emissions modeling platform
C2: 2016fj | D2: 2023fj | E2: 2026fj | F2: 2032fj
B3: rail | C3: 456.97586 | D3: 460.37173 | E3: 468.00022 | F3: 466.21934 | G3: tons
B5: converted to Tg
C6: 2016fj | D6: 2023fj | E6: 2026fj | F6: 2032fj
B7: rail | C7: =C3*0.9071847/1000000 -> 0.00041456151 | D7: =D3*0.9071847/1000000 -> 0.00041764219 | E7: =E3*0.9071847/1000000 -> 0.00042456264 | F7: =F3*0.9071847/1000000 -> 0.00042294705 | G7: Tg
B9: Fuel use (EJ)
C10: =InitData!G4+InitData!G5 -> 0.50627442
B12: Emission factor
C13: =C7/C10 -> 0.00081884742

Sheet Change over time
A2: Values for 2015 and 2040 are g/gal from file: rail_emissions_fact_sheet_P100500B.pdf
A5: NOx | B5: 2015 | C5: 2020 | D5: 2025 | E5: 2030 | F5: 2035 | G5: 2040 | H5: 2045 | I5: 2050
A6: Freight | B6: 137 | C6: 107 | D6: 81 | E6: 60 | F6: 43 | G6: 32 | H6: 32 | I6: 32
A7: Pass | B7: 131 | C7: 93 | D7: 68 | E7: 49 | F7: 33 | G7: 23 | H7: 23 | I7: 23
A9: PM10 | B9: 2015 | C9: 2020 | D9: 2025 | E9: 2030 | F9: 2035 | G9: 2040 | H9: 2045 | I9: 2050
A10: Freight | B10: 3.5 | C10: 2.5 | D10: 1.8 | E10: 1.2 | F10: 0.8 | G10: 0.5 | H10: 0.5 | I10: 0.5
A11: Pass | B11: 3.4 | C11: 2.1 | D11: 1.4 | E11: 0.8 | F11: 0.5 | G11: 0.3 | H11: 0.3 | I11: 0.3
A13: VOC | B13: 2015 | C13: 2020 | D13: 2025 | E13: 2030 | F13: 2035 | G13: 2040 | H13: 2045 | I13: 2050 | K13: Overall average factors used for freight (since pass 3% of fuel use in RIA)
A14: Freight | B14: 6.3 | C14: 4.2 | D14: 3.1 | E14: 2.3 | F14: 1.7 | G14: 1.3 | H14: 1.3 | I14: 1.3 | K14: Note: made assumption PM2.5 is 90% of PM10
A15: Pass | B15: 5.8 | C15: 3.1 | D15: 2 | E15: 1.2 | F15: 0.7 | G15: 0.5 | H15: 0.5 | I15: 0.5
K16: Modified to assume 2040 value reflects full implementation of Tier 4 limits
A17: PM2.5 | B17: 2015 | C17: 2020 | D17: 2025 | E17: 2030 | F17: 2035 | G17: 2040 | H17: 2045 | I17: 2050 | K17: This is being applied to all vintages from 2020.
A18: Freight | B18: =0.9*B10 -> 3.15 | C18: =0.9*C10 -> 2.25 | D18: =0.9*D10 -> 1.62 | E18: =0.9*E10 -> 1.08 | F18: =0.9*F10 -> 0.72 | G18: =0.9*G10 -> 0.45 | H18: =0.9*H10 -> 0.45 | I18: =0.9*I10 -> 0.45
A19: Pass | B19: =0.9*B11 -> 3.06 | C19: =0.9*C11 -> 1.89 | D19: =0.9*D11 -> 1.26 | E19: =0.9*E11 -> 0.72 | F19: =0.9*F11 -> 0.45 | G19: =0.9*G11 -> 0.27 | H19: =0.9*H11 -> 0.27 | I19: =0.9*I11 -> 0.27
A21: NOx | B21: 2015 | C21: 2020 | D21: 2025 | E21: 2030 | F21: 2035 | G21: 2040 | H21: 2045 | I21: 2050
A22: Freight | B22: =B6/$B6 -> 1 | C22: =C6/$B6 -> 0.7810219 | D22: =D6/$B6 -> 0.59124088 | E22: =E6/$B6 -> 0.4379562 | F22: =F6/$B6 -> 0.31386861 | G22: =G6/$B6 -> 0.23357664 | H22: =H6/$B6 -> 0.23357664 | I22: =I6/$B6 -> 0.23357664
A23: Pass | B23: =B7/$B7 -> 1 | C23: =C7/$B7 -> 0.70992366 | D23: =D7/$B7 -> 0.51908397 | E23: =E7/$B7 -> 0.3740458 | F23: =F7/$B7 -> 0.2519084 | G23: =G7/$B7 -> 0.17557252 | H23: =H7/$B7 -> 0.17557252 | I23: =I7/$B7 -> 0.17557252
A25: PM10 | B25: 2015 | C25: 2020 | D25: 2025 | E25: 2030 | F25: 2035 | G25: 2040 | H25: 2045 | I25: 2050
A26: Freight | B26: =B10/$B10 -> 1 | C26: =C10/$B10 -> 0.71428571 | D26: =D10/$B10 -> 0.51428571 | E26: =E10/$B10 -> 0.34285714 | F26: =F10/$B10 -> 0.22857143 | G26: =G10/$B10 -> 0.14285714 | H26: =H10/$B10 -> 0.14285714 | I26: =I10/$B10 -> 0.14285714
A27: Pass | B27: =B11/$B11 -> 1 | C27: =C11/$B11 -> 0.61764706 | D27: =D11/$B11 -> 0.41176471 | E27: =E11/$B11 -> 0.23529412 | F27: =F11/$B11 -> 0.14705882 | G27: =G11/$B11 -> 0.088235294 | H27: =H11/$B11 -> 0.088235294 | I27: =I11/$B11 -> 0.088235294
A29: VOC | B29: 2015 | C29: 2020 | D29: 2025 | E29: 2030 | F29: 2035 | G29: 2040 | H29: 2045 | I29: 2050
A30: Freight | B30: =B14/$B14 -> 1 | C30: =C14/$B14 -> 0.66666667 | D30: =D14/$B14 -> 0.49206349 | E30: =E14/$B14 -> 0.36507937 | F30: =F14/$B14 -> 0.26984127 | G30: =G14/$B14 -> 0.20634921 | H30: =H14/$B14 -> 0.20634921 | I30: =I14/$B14 -> 0.20634921
A31: Pass | B31: =B15/$B15 -> 1 | C31: =C15/$B15 -> 0.53448276 | D31: =D15/$B15 -> 0.34482759 | E31: =E15/$B15 -> 0.20689655 | F31: =F15/$B15 -> 0.12068966 | G31: =G15/$B15 -> 0.086206897 | H31: =H15/$B15 -> 0.086206897 | I31: =I15/$B15 -> 0.086206897
A33: PM2.5 | B33: 2015 | C33: 2020 | D33: 2025 | E33: 2030 | F33: 2035 | G33: 2040 | H33: 2045 | I33: 2050
A34: Freight | B34: =B18/$B18 -> 1 | C34: =C18/$B18 -> 0.71428571 | D34: =D18/$B18 -> 0.51428571 | E34: =E18/$B18 -> 0.34285714 | F34: =F18/$B18 -> 0.22857143 | G34: =G18/$B18 -> 0.14285714 | H34: =H18/$B18 -> 0.14285714 | I34: =I18/$B18 -> 0.14285714
A35: Pass | B35: =B19/$B19 -> 1 | C35: =C19/$B19 -> 0.61764706 | D35: =D19/$B19 -> 0.41176471 | E35: =E19/$B19 -> 0.23529412 | F35: =F19/$B19 -> 0.14705882 | G35: =G19/$B19 -> 0.088235294 | H35: =H19/$B19 -> 0.088235294 | I35: =I19/$B19 -> 0.088235294

Sheet InitData
J1: 2015 EF | N1: 2020 EF
N2: 0.2 | O2: 0.1 | P2: 0.1 | Q2: 0.175
A3: scenario | B3: region | C3: sector | D3: subsector | E3: technology | F3: input | G3: 2015 | H3: Units | J3: NOx | K3: PM10 | L3: PM25 | M3: VOC | N3: NOx | O3: PM10 | P3: PM25 | Q3: VOC
A4: GCAM5p4-Ref-ap,date=2022-3-5T17:56:37-04:00 | B4: Total | C4: trn_freight | D4: Freight Rail | E4: Liquids | F4: refined liquids enduse | G4: 0.48555889 | H4: EJ | J4: =G8/G4 -> 1.186285 | K4: =G10/G4 -> 0.037988564 | L4: =G9/G4 -> 0.035756395 | M4: =G12/G4 -> 0.083449877 | N4: =N$2*J4 -> 0.23725699 | O4: =O$2*K4 -> 0.0037988564 | P4: =P$2*L4 -> 0.0035756395 | Q4: =Q$2*M4 -> 0.014603728
A5: GCAM5p4-Ref-ap,date=2022-3-5T17:56:37-04:00 | B5: Total | C5: trn_pass | D5: Passenger Rail | E5: Liquids | F5: refined liquids enduse | G5: 0.02071553 | H5: EJ | J5: =G14/G5 -> 1.1862885 | K5: =G16/G10 -> 0.042750766 | L5: =G15/G5 -> 0.035756598 | M5: =G18/G5 -> 0.085754264 | N5: =N$2*J5 -> 0.2372577 | O5: =O$2*K5 -> 0.0042750766 | P5: =P$2*L5 -> 0.0035756598 | Q5: =Q$2*M5 -> 0.015006996
A7: scenario | B7: region | C7: sector | D7: subsector | E7: technology | F7: GHG | G7: 2015 | H7: Units
A8: GCAM5p4-Ref-ap,date=2022-3-5T17:56:37-04:00 | B8: Total | C8: trn_freight | D8: Freight Rail | E8: Liquids | F8: NOx | G8: 0.57601122 | H8: Tg
A9: GCAM5p4-Ref-ap,date=2022-3-5T17:56:37-04:00 | B9: Total | C9: trn_freight | D9: Freight Rail | E9: Liquids | F9: PM2.5 | G9: 0.017361836 | H9: Tg
A10: GCAM5p4-Ref-ap,date=2022-3-5T17:56:37-04:00 | B10: Total | C10: trn_freight | D10: Freight Rail | E10: Liquids | F10: PM10 | G10: 0.018445685 | H10: Tg
A11: GCAM5p4-Ref-ap,date=2022-3-5T17:56:37-04:00 | B11: Total | C11: trn_freight | D11: Freight Rail | E11: Liquids | F11: SO2 | G11: 0.11254733 | H11: Tg
A12: GCAM5p4-Ref-ap,date=2022-3-5T17:56:37-04:00 | B12: Total | C12: trn_freight | D12: Freight Rail | E12: Liquids | F12: NMVOC | G12: 0.04051983 | H12: Tg
A14: GCAM5p4-Ref-ap,date=2022-3-5T17:56:37-04:00 | B14: Total | C14: trn_pass | D14: Passenger Rail | E14: Liquids | F14: NOx | G14: 0.024574595 | H14: Tg
A15: GCAM5p4-Ref-ap,date=2022-3-5T17:56:37-04:00 | B15: Total | C15: trn_pass | D15: Passenger Rail | E15: Liquids | F15: PM2.5 | G15: 0.00074071686 | H15: Tg
A16: GCAM5p4-Ref-ap,date=2022-3-5T17:56:37-04:00 | B16: Total | C16: trn_pass | D16: Passenger Rail | E16: Liquids | F16: PM10 | G16: 0.00078856717 | H16: Tg
A17: GCAM5p4-Ref-ap,date=2022-3-5T17:56:37-04:00 | B17: Total | C17: trn_pass | D17: Passenger Rail | E17: Liquids | F17: SO2 | G17: 0.0048017045 | H17: Tg
A18: GCAM5p4-Ref-ap,date=2022-3-5T17:56:37-04:00 | B18: Total | C18: trn_pass | D18: Passenger Rail | E18: Liquids | F18: NMVOC | G18: 0.001776445 | H18: Tg
