Workbook

Sheet emission_calcs_marine_221101_sc
A1: INPUT_TABLE
A2: Variable ID
A3: GLIMPSEInputEmissCoef
A5: region | B5: supplysector | C5: tranSubsector | D5: stub-technology | E5: year | F5: pollutant | G5: value | H5: type
A6: all states | B6: trn_freight | C6: Domestic Ship | D6: Liquids | E6: 2015 | F6: NOx | G6: ='Calcs (2)'!H80 -> 0.46064988 | H6: input-driver
A7: all states | B7: trn_freight | C7: Domestic Ship | D7: Liquids | E7: 2020 | F7: NOx | G7: ='Calcs (2)'!H81 -> 0.3540314 | H7: input-driver
A8: all states | B8: trn_freight | C8: Domestic Ship | D8: Liquids | E8: 2025 | F8: NOx | G8: ='Calcs (2)'!H82 -> 0.21665867 | H8: input-driver
A9: all states | B9: trn_freight | C9: Domestic Ship | D9: Liquids | E9: 2030 | F9: NOx | G9: ='Calcs (2)'!H83 -> 0.18107371 | H9: input-driver
A10: all states | B10: trn_freight | C10: Domestic Ship | D10: Liquids | E10: 2035 | F10: NOx | G10: ='Calcs (2)'!H84 -> 0.13710869 | H10: input-driver
A11: all states | B11: trn_freight | C11: Domestic Ship | D11: Liquids | E11: 2040 | F11: NOx | G11: =G10 -> 0.13710869 | H11: input-driver
A12: all states | B12: trn_freight | C12: Domestic Ship | D12: Liquids | E12: 2045 | F12: NOx | G12: =G11 -> 0.13710869 | H12: input-driver
A13: all states | B13: trn_freight | C13: Domestic Ship | D13: Liquids | E13: 2050 | F13: NOx | G13: =G12 -> 0.13710869 | H13: input-driver
A14: all states | B14: trn_freight | C14: Domestic Ship | D14: Liquids | E14: 2015 | F14: SO2_1 | G14: ='Calcs (2)'!H85 -> 0.0018062427 | H14: input-driver
A15: all states | B15: trn_freight | C15: Domestic Ship | D15: Liquids | E15: 2020 | F15: SO2_1 | G15: ='Calcs (2)'!H86 -> 0.001202494 | H15: input-driver
A16: all states | B16: trn_freight | C16: Domestic Ship | D16: Liquids | E16: 2025 | F16: SO2_1 | G16: ='Calcs (2)'!H87 -> 0.00045424123 | H16: input-driver
A17: all states | B17: trn_freight | C17: Domestic Ship | D17: Liquids | E17: 2030 | F17: SO2_1 | G17: ='Calcs (2)'!H88 -> 0.00047844655 | H17: input-driver
A18: all states | B18: trn_freight | C18: Domestic Ship | D18: Liquids | E18: 2035 | F18: SO2_1 | G18: ='Calcs (2)'!H89 -> 0.00042774509 | H18: input-driver
A19: all states | B19: trn_freight | C19: Domestic Ship | D19: Liquids | E19: 2040 | F19: SO2_1 | G19: =G18 -> 0.00042774509 | H19: input-driver
A20: all states | B20: trn_freight | C20: Domestic Ship | D20: Liquids | E20: 2045 | F20: SO2_1 | G20: =G19 -> 0.00042774509 | H20: input-driver
A21: all states | B21: trn_freight | C21: Domestic Ship | D21: Liquids | E21: 2050 | F21: SO2_1 | G21: =G20 -> 0.00042774509 | H21: input-driver
A22: all states | B22: trn_freight | C22: Domestic Ship | D22: Liquids | E22: 2015 | F22: PM10 | G22: ='Calcs (2)'!H95 -> 0.012613913 | H22: input-driver
A23: all states | B23: trn_freight | C23: Domestic Ship | D23: Liquids | E23: 2020 | F23: PM10 | G23: ='Calcs (2)'!H96 -> 0.0097041228 | H23: input-driver
A24: all states | B24: trn_freight | C24: Domestic Ship | D24: Liquids | E24: 2025 | F24: PM10 | G24: ='Calcs (2)'!H97 -> 0.0059534454 | H24: input-driver
A25: all states | B25: trn_freight | C25: Domestic Ship | D25: Liquids | E25: 2030 | F25: PM10 | G25: ='Calcs (2)'!H98 -> 0.0049598167 | H25: input-driver
A26: all states | B26: trn_freight | C26: Domestic Ship | D26: Liquids | E26: 2035 | F26: PM10 | G26: ='Calcs (2)'!H99 -> 0.0037390042 | H26: input-driver
A27: all states | B27: trn_freight | C27: Domestic Ship | D27: Liquids | E27: 2040 | F27: PM10 | G27: =G26 -> 0.0037390042 | H27: input-driver
A28: all states | B28: trn_freight | C28: Domestic Ship | D28: Liquids | E28: 2045 | F28: PM10 | G28: =G27 -> 0.0037390042 | H28: input-driver
A29: all states | B29: trn_freight | C29: Domestic Ship | D29: Liquids | E29: 2050 | F29: PM10 | G29: =G28 -> 0.0037390042 | H29: input-driver
A30: all states | B30: trn_freight | C30: Domestic Ship | D30: Liquids | E30: 2015 | F30: PM2.5 | G30: ='Calcs (2)'!H90 -> 0.0122253 | H30: input-driver
A31: all states | B31: trn_freight | C31: Domestic Ship | D31: Liquids | E31: 2020 | F31: PM2.5 | G31: ='Calcs (2)'!H91 -> 0.0094051622 | H31: input-driver
A32: all states | B32: trn_freight | C32: Domestic Ship | D32: Liquids | E32: 2025 | F32: PM2.5 | G32: ='Calcs (2)'!H92 -> 0.0057700446 | H32: input-driver
A33: all states | B33: trn_freight | C33: Domestic Ship | D33: Liquids | E33: 2030 | F33: PM2.5 | G33: ='Calcs (2)'!H93 -> 0.0048070371 | H33: input-driver
A34: all states | B34: trn_freight | C34: Domestic Ship | D34: Liquids | E34: 2035 | F34: PM2.5 | G34: ='Calcs (2)'!H94 -> 0.0036238464 | H34: input-driver
A35: all states | B35: trn_freight | C35: Domestic Ship | D35: Liquids | E35: 2040 | F35: PM2.5 | G35: =G34 -> 0.0036238464 | H35: input-driver
A36: all states | B36: trn_freight | C36: Domestic Ship | D36: Liquids | E36: 2045 | F36: PM2.5 | G36: =G35 -> 0.0036238464 | H36: input-driver
A37: all states | B37: trn_freight | C37: Domestic Ship | D37: Liquids | E37: 2050 | F37: PM2.5 | G37: =G36 -> 0.0036238464 | H37: input-driver
A38: all states | B38: trn_freight | C38: Domestic Ship | D38: Liquids | E38: 2015 | F38: NMVOC | G38: ='Calcs (2)'!H100 -> 0.018196298 | H38: input-driver
A39: all states | B39: trn_freight | C39: Domestic Ship | D39: Liquids | E39: 2020 | F39: NMVOC | G39: ='Calcs (2)'!H101 -> 0.013827665 | H39: input-driver
A40: all states | B40: trn_freight | C40: Domestic Ship | D40: Liquids | E40: 2025 | F40: NMVOC | G40: ='Calcs (2)'!H102 -> 0.0082239691 | H40: input-driver
A41: all states | B41: trn_freight | C41: Domestic Ship | D41: Liquids | E41: 2030 | F41: NMVOC | G41: ='Calcs (2)'!H103 -> 0.0069646918 | H41: input-driver
A42: all states | B42: trn_freight | C42: Domestic Ship | D42: Liquids | E42: 2035 | F42: NMVOC | G42: ='Calcs (2)'!H104 -> 0.0053387635 | H42: input-driver
A43: all states | B43: trn_freight | C43: Domestic Ship | D43: Liquids | E43: 2040 | F43: NMVOC | G43: =G42 -> 0.0053387635 | H43: input-driver
A44: all states | B44: trn_freight | C44: Domestic Ship | D44: Liquids | E44: 2045 | F44: NMVOC | G44: =G43 -> 0.0053387635 | H44: input-driver
A45: all states | B45: trn_freight | C45: Domestic Ship | D45: Liquids | E45: 2050 | F45: NMVOC | G45: =G44 -> 0.0053387635 | H45: input-driver
A46: all states | B46: trn_freight | C46: Domestic Ship | D46: Liquids | E46: 2015 | F46: CO | G46: ='Calcs (2)'!H105 -> 0.064353024 | H46: input-driver
A47: all states | B47: trn_freight | C47: Domestic Ship | D47: Liquids | E47: 2020 | F47: CO | G47: ='Calcs (2)'!H106 -> 0.060740933 | H47: input-driver
A48: all states | B48: trn_freight | C48: Domestic Ship | D48: Liquids | E48: 2025 | F48: CO | G48: ='Calcs (2)'!H107 -> 0.0542855 | H48: input-driver
A49: all states | B49: trn_freight | C49: Domestic Ship | D49: Liquids | E49: 2030 | F49: CO | G49: ='Calcs (2)'!H108 -> 0.048100223 | H49: input-driver
A50: all states | B50: trn_freight | C50: Domestic Ship | D50: Liquids | E50: 2035 | F50: CO | G50: ='Calcs (2)'!H109 -> 0.043230351 | H50: input-driver
A51: all states | B51: trn_freight | C51: Domestic Ship | D51: Liquids | E51: 2040 | F51: CO | G51: =G50 -> 0.043230351 | H51: input-driver
A52: all states | B52: trn_freight | C52: Domestic Ship | D52: Liquids | E52: 2045 | F52: CO | G52: =G51 -> 0.043230351 | H52: input-driver
A53: all states | B53: trn_freight | C53: Domestic Ship | D53: Liquids | E53: 2050 | F53: CO | G53: =G52 -> 0.043230351 | H53: input-driver
A54: all states | B54: trn_freight | C54: Domestic Ship | D54: Hybrid Liquids | E54: 2015 | F54: NOx | G54: ='Calcs (2)'!H80 -> 0.46064988 | H54: input-driver
A55: all states | B55: trn_freight | C55: Domestic Ship | D55: Hybrid Liquids | E55: 2020 | F55: NOx | G55: ='Calcs (2)'!H81 -> 0.3540314 | H55: input-driver
A56: all states | B56: trn_freight | C56: Domestic Ship | D56: Hybrid Liquids | E56: 2025 | F56: NOx | G56: ='Calcs (2)'!H82 -> 0.21665867 | H56: input-driver
A57: all states | B57: trn_freight | C57: Domestic Ship | D57: Hybrid Liquids | E57: 2030 | F57: NOx | G57: ='Calcs (2)'!H83 -> 0.18107371 | H57: input-driver
A58: all states | B58: trn_freight | C58: Domestic Ship | D58: Hybrid Liquids | E58: 2035 | F58: NOx | G58: ='Calcs (2)'!H84 -> 0.13710869 | H58: input-driver
A59: all states | B59: trn_freight | C59: Domestic Ship | D59: Hybrid Liquids | E59: 2040 | F59: NOx | G59: =G58 -> 0.13710869 | H59: input-driver
A60: all states | B60: trn_freight | C60: Domestic Ship | D60: Hybrid Liquids | E60: 2045 | F60: NOx | G60: =G59 -> 0.13710869 | H60: input-driver
A61: all states | B61: trn_freight | C61: Domestic Ship | D61: Hybrid Liquids | E61: 2050 | F61: NOx | G61: =G60 -> 0.13710869 | H61: input-driver
A62: all states | B62: trn_freight | C62: Domestic Ship | D62: Hybrid Liquids | E62: 2015 | F62: SO2_1 | G62: ='Calcs (2)'!H85 -> 0.0018062427 | H62: input-driver
A63: all states | B63: trn_freight | C63: Domestic Ship | D63: Hybrid Liquids | E63: 2020 | F63: SO2_1 | G63: ='Calcs (2)'!H86 -> 0.001202494 | H63: input-driver
A64: all states | B64: trn_freight | C64: Domestic Ship | D64: Hybrid Liquids | E64: 2025 | F64: SO2_1 | G64: ='Calcs (2)'!H87 -> 0.00045424123 | H64: input-driver
A65: all states | B65: trn_freight | C65: Domestic Ship | D65: Hybrid Liquids | E65: 2030 | F65: SO2_1 | G65: ='Calcs (2)'!H88 -> 0.00047844655 | H65: input-driver
A66: all states | B66: trn_freight | C66: Domestic Ship | D66: Hybrid Liquids | E66: 2035 | F66: SO2_1 | G66: ='Calcs (2)'!H89 -> 0.00042774509 | H66: input-driver
A67: all states | B67: trn_freight | C67: Domestic Ship | D67: Hybrid Liquids | E67: 2040 | F67: SO2_1 | G67: =G66 -> 0.00042774509 | H67: input-driver
A68: all states | B68: trn_freight | C68: Domestic Ship | D68: Hybrid Liquids | E68: 2045 | F68: SO2_1 | G68: =G67 -> 0.00042774509 | H68: input-driver
A69: all states | B69: trn_freight | C69: Domestic Ship | D69: Hybrid Liquids | E69: 2050 | F69: SO2_1 | G69: =G68 -> 0.00042774509 | H69: input-driver
A70: all states | B70: trn_freight | C70: Domestic Ship | D70: Hybrid Liquids | E70: 2015 | F70: PM10 | G70: ='Calcs (2)'!H95 -> 0.012613913 | H70: input-driver
A71: all states | B71: trn_freight | C71: Domestic Ship | D71: Hybrid Liquids | E71: 2020 | F71: PM10 | G71: ='Calcs (2)'!H96 -> 0.0097041228 | H71: input-driver
A72: all states | B72: trn_freight | C72: Domestic Ship | D72: Hybrid Liquids | E72: 2025 | F72: PM10 | G72: ='Calcs (2)'!H97 -> 0.0059534454 | H72: input-driver
A73: all states | B73: trn_freight | C73: Domestic Ship | D73: Hybrid Liquids | E73: 2030 | F73: PM10 | G73: ='Calcs (2)'!H98 -> 0.0049598167 | H73: input-driver
A74: all states | B74: trn_freight | C74: Domestic Ship | D74: Hybrid Liquids | E74: 2035 | F74: PM10 | G74: ='Calcs (2)'!H99 -> 0.0037390042 | H74: input-driver
A75: all states | B75: trn_freight | C75: Domestic Ship | D75: Hybrid Liquids | E75: 2040 | F75: PM10 | G75: =G74 -> 0.0037390042 | H75: input-driver
A76: all states | B76: trn_freight | C76: Domestic Ship | D76: Hybrid Liquids | E76: 2045 | F76: PM10 | G76: =G75 -> 0.0037390042 | H76: input-driver
A77: all states | B77: trn_freight | C77: Domestic Ship | D77: Hybrid Liquids | E77: 2050 | F77: PM10 | G77: =G76 -> 0.0037390042 | H77: input-driver
A78: all states | B78: trn_freight | C78: Domestic Ship | D78: Hybrid Liquids | E78: 2015 | F78: PM2.5 | G78: ='Calcs (2)'!H90 -> 0.0122253 | H78: input-driver
A79: all states | B79: trn_freight | C79: Domestic Ship | D79: Hybrid Liquids | E79: 2020 | F79: PM2.5 | G79: ='Calcs (2)'!H91 -> 0.0094051622 | H79: input-driver
A80: all states | B80: trn_freight | C80: Domestic Ship | D80: Hybrid Liquids | E80: 2025 | F80: PM2.5 | G80: ='Calcs (2)'!H92 -> 0.0057700446 | H80: input-driver
A81: all states | B81: trn_freight | C81: Domestic Ship | D81: Hybrid Liquids | E81: 2030 | F81: PM2.5 | G81: ='Calcs (2)'!H93 -> 0.0048070371 | H81: input-driver
A82: all states | B82: trn_freight | C82: Domestic Ship | D82: Hybrid Liquids | E82: 2035 | F82: PM2.5 | G82: ='Calcs (2)'!H94 -> 0.0036238464 | H82: input-driver
A83: all states | B83: trn_freight | C83: Domestic Ship | D83: Hybrid Liquids | E83: 2040 | F83: PM2.5 | G83: =G82 -> 0.0036238464 | H83: input-driver
A84: all states | B84: trn_freight | C84: Domestic Ship | D84: Hybrid Liquids | E84: 2045 | F84: PM2.5 | G84: =G83 -> 0.0036238464 | H84: input-driver
A85: all states | B85: trn_freight | C85: Domestic Ship | D85: Hybrid Liquids | E85: 2050 | F85: PM2.5 | G85: =G84 -> 0.0036238464 | H85: input-driver
A86: all states | B86: trn_freight | C86: Domestic Ship | D86: Hybrid Liquids | E86: 2015 | F86: NMVOC | G86: ='Calcs (2)'!H100 -> 0.018196298 | H86: input-driver
A87: all states | B87: trn_freight | C87: Domestic Ship | D87: Hybrid Liquids | E87: 2020 | F87: NMVOC | G87: ='Calcs (2)'!H101 -> 0.013827665 | H87: input-driver
A88: all states | B88: trn_freight | C88: Domestic Ship | D88: Hybrid Liquids | E88: 2025 | F88: NMVOC | G88: ='Calcs (2)'!H102 -> 0.0082239691 | H88: input-driver
A89: all states | B89: trn_freight | C89: Domestic Ship | D89: Hybrid Liquids | E89: 2030 | F89: NMVOC | G89: ='Calcs (2)'!H103 -> 0.0069646918 | H89: input-driver
A90: all states | B90: trn_freight | C90: Domestic Ship | D90: Hybrid Liquids | E90: 2035 | F90: NMVOC | G90: ='Calcs (2)'!H104 -> 0.0053387635 | H90: input-driver
A91: all states | B91: trn_freight | C91: Domestic Ship | D91: Hybrid Liquids | E91: 2040 | F91: NMVOC | G91: =G90 -> 0.0053387635 | H91: input-driver
A92: all states | B92: trn_freight | C92: Domestic Ship | D92: Hybrid Liquids | E92: 2045 | F92: NMVOC | G92: =G91 -> 0.0053387635 | H92: input-driver
A93: all states | B93: trn_freight | C93: Domestic Ship | D93: Hybrid Liquids | E93: 2050 | F93: NMVOC | G93: =G92 -> 0.0053387635 | H93: input-driver
A94: all states | B94: trn_freight | C94: Domestic Ship | D94: Hybrid Liquids | E94: 2015 | F94: CO | G94: ='Calcs (2)'!H105 -> 0.064353024 | H94: input-driver
A95: all states | B95: trn_freight | C95: Domestic Ship | D95: Hybrid Liquids | E95: 2020 | F95: CO | G95: ='Calcs (2)'!H106 -> 0.060740933 | H95: input-driver
A96: all states | B96: trn_freight | C96: Domestic Ship | D96: Hybrid Liquids | E96: 2025 | F96: CO | G96: ='Calcs (2)'!H107 -> 0.0542855 | H96: input-driver
A97: all states | B97: trn_freight | C97: Domestic Ship | D97: Hybrid Liquids | E97: 2030 | F97: CO | G97: ='Calcs (2)'!H108 -> 0.048100223 | H97: input-driver
A98: all states | B98: trn_freight | C98: Domestic Ship | D98: Hybrid Liquids | E98: 2035 | F98: CO | G98: ='Calcs (2)'!H109 -> 0.043230351 | H98: input-driver
A99: all states | B99: trn_freight | C99: Domestic Ship | D99: Hybrid Liquids | E99: 2040 | F99: CO | G99: =G98 -> 0.043230351 | H99: input-driver
A100: all states | B100: trn_freight | C100: Domestic Ship | D100: Hybrid Liquids | E100: 2045 | F100: CO | G100: =G99 -> 0.043230351 | H100: input-driver
A101: all states | B101: trn_freight | C101: Domestic Ship | D101: Hybrid Liquids | E101: 2050 | F101: CO | G101: =G100 -> 0.043230351 | H101: input-driver
...

Sheet Sheet1
B2: Note:
B3: Prior versions calculated emission factors based on inventory data, but vintaging meant that emissions decreased too slowly.
B4: The current version applies 2035 Efs to 2020 vintages or later, reflecting full implementation of standards.

Sheet Calcs (2)
A1: Step 1. Obtain emissions from 2016ef inventory and its projections
A3: Emissions from EPA projections
A4: EPA Inventory & Projections | B4: NOx | G4: SO2 | L4: PM25 | Q4: PM10 | V4: VOC | AA4: CO
A5: Year | B5: 2016 | C5: 2026 | D5: 2032 | G5: 2016 | H5: 2026 | I5: 2032 | L5: 2016 | M5: 2026 | N5: 2032 | Q5: 2016 | R5: 2026 | S5: 2032 | V5: 2016 | W5: 2026 | X5: 2032 | AA5: 2016 | AB5: 2026 | AC5: 2032
A6: cmv_c1c2 | B6: 167852.52 | C6: 104694.3 | D6: 88392.485 | G6: 643.2047 | H6: 245.98034 | I6: 248.88265 | L6: 4455.4393 | M6: 2786.8687 | N6: 2342.8377 | Q6: 4597.0665 | R6: 2875.4503 | S6: 2417.2949 | V6: 6617.7519 | W6: 3996.4032 | X6: 3415.1086 | AA6: 24357.913 | AB6: 24622.981 | AC6: 25074.432
A7: cmv_c3 | B7: 119015.11 | C7: 115621.52 | D7: 114946.42 | G7: 5232.3875 | H7: 6965.6453 | I7: 7649.5924 | L7: 2210.2612 | M7: 2953.4551 | N7: 3255.0081 | Q7: 2402.4585 | R7: 3210.2781 | S7: 3538.0533 | V7: 9039.2728 | W7: 12178.051 | X7: 13483.252 | AA7: 14868.891 | AB7: 19822.765 | AC7: 21859.291
A9: Step 2. Interpolate to obtain values for 2015, 2020, 2025, 2030, and 2032
A11: Interpolated values
B12: NOx | G12: SO2 | L12: PM25 | Q12: PM10 | V12: VOC | AA12: CO
B13: 2015 | C13: 2020 | D13: 2025 | E13: 2030 | F13: 2035 | G13: 2015 | H13: 2020 | I13: 2025 | J13: 2030 | K13: 2035 | L13: 2015 | M13: 2020 | N13: 2025 | O13: 2030 | P13: 2035 | Q13: 2015 | R13: 2020 | S13: 2025 | T13: 2030 | U13: 2035 | V13: 2015 | W13: 2020 | X13: 2025 | Y13: 2030 | Z13: 2035 | AA13: 2015 | AB13: 2020 | AC13: 2025 | AD13: 2030 | AE13: 2035
A14: cmv_c1c2 | B14: =(B6-C6)/10+B6 -> 174168.34 | C14: =(C6-B6)/10*4+B6 -> 142589.23 | D14: =(C6-B6)/10*11+B6 -> 98378.481 | E14: =(D6-C6)/6*4+C6 -> 93826.424 | F14: =(D6-C6)/6*9+C6 -> 80241.576 | G14: =(G6-H6)/10+G6 -> 682.92713 | H14: =(H6-G6)/10*4+G6 -> 484.31495 | I14: =(H6-G6)/10*11+G6 -> 206.2579 | J14: =(I6-H6)/6*4+H6 -> 247.91521 | K14: =(I6-H6)/6*9+H6 -> 250.33381 | L14: =(L6-M6)/10+L6 -> 4622.2964 | M14: =(M6-L6)/10*4+L6 -> 3788.0111 | N14: =(M6-L6)/10*11+L6 -> 2620.0116 | O14: =(N6-M6)/6*4+M6 -> 2490.848 | P14: =(N6-M6)/6*9+M6 -> 2120.8222 | Q14: =(Q6-R6)/10+Q6 -> 4769.2281 | R14: =(R6-Q6)/10*4+Q6 -> 3908.42 | S14: =(R6-Q6)/10*11+Q6 -> 2703.2887 | T14: =(S6-R6)/6*4+R6 -> 2570.0134 | U14: =(S6-R6)/6*9+R6 -> 2188.2172 | V14: =(V6-W6)/10+V6 -> 6879.8868 | W14: =(W6-V6)/10*4+V6 -> 5569.2124 | X14: =(W6-V6)/10*11+V6 -> 3734.2683 | Y14: =(X6-W6)/6*4+W6 -> 3608.8735 | Z14: =(X6-W6)/6*9+W6 -> 3124.4614 | AA14: =(AA6-AB6)/10+AA6 -> 24331.407 | AB14: =(AB6-AA6)/10*4+AA6 -> 24463.94 | AC14: =(AB6-AA6)/10*11+AA6 -> 24649.487 | AD14: =(AC6-AB6)/6*4+AB6 -> 24923.948 | AE14: =(AC6-AB6)/6*9+AB6 -> 25300.158
A15: cmv_c3 | B15: =(B7-C7)/10+B7 -> 119354.47 | C15: =(C7-B7)/10*4+B7 -> 117657.68 | D15: =(C7-B7)/10*11+B7 -> 115282.16 | E15: =(D7-C7)/6*4+C7 -> 115171.46 | F15: =(D7-C7)/6*9+C7 -> 114608.88 | G15: =(G7-H7)/10+G7 -> 5059.0617 | H15: =(H7-G7)/10*4+G7 -> 5925.6906 | I15: =(H7-G7)/10*11+G7 -> 7138.9711 | J15: =(I7-H7)/6*4+H7 -> 7421.61 | K15: =(I7-H7)/6*9+H7 -> 7991.5659 | L15: =(L7-M7)/10+L7 -> 2135.9418 | M15: =(M7-L7)/10*4+L7 -> 2507.5388 | N15: =(M7-L7)/10*11+L7 -> 3027.7744 | O15: =(N7-M7)/6*4+M7 -> 3154.4904 | P15: =(N7-M7)/6*9+M7 -> 3405.7846 | Q15: =(Q7-R7)/10+Q7 -> 2321.6765 | R15: =(R7-Q7)/10*4+Q7 -> 2725.5863 | S15: =(R7-Q7)/10*11+Q7 -> 3291.0601 | T15: =(S7-R7)/6*4+R7 -> 3428.7949 | U15: =(S7-R7)/6*9+R7 -> 3701.9408 | V15: =(V7-W7)/10+V7 -> 8725.395 | W15: =(W7-V7)/10*4+V7 -> 10294.784 | X15: =(W7-V7)/10*11+V7 -> 12491.928 | Y15: =(X7-W7)/6*4+W7 -> 13048.185 | Z15: =(X7-W7)/6*9+W7 -> 14135.852 | AA15: =(AA7-AB7)/10+AA7 -> 14373.503 | AB15: =(AB7-AA7)/10*4+AA7 -> 16850.441 | AC15: =(AB7-AA7)/10*11+AA7 -> 20318.153 | AD15: =(AC7-AB7)/6*4+AB7 -> 21180.449 | AE15: =(AC7-AB7)/6*9+AB7 -> 22877.554
A17: Step 3. Convert to Tg
B19: NOx | G19: SO2 | L19: PM25 | Q19: PM10 | V19: VOC | AA19: CO
B20: 2015 | C20: 2020 | D20: 2025 | E20: 2030 | F20: 2035 | G20: 2015 | H20: 2020 | I20: 2025 | J20: 2030 | K20: 2035 | L20: 2015 | M20: 2020 | N20: 2025 | O20: 2030 | P20: 2035 | Q20: 2015 | R20: 2020 | S20: 2025 | T20: 2030 | U20: 2035 | V20: 2015 | W20: 2020 | X20: 2025 | Y20: 2030 | Z20: 2035 | AA20: 2015 | AB20: 2020 | AC20: 2025 | AD20: 2030 | AE20: 2035
A21: cmv_c1c2 | B21: =B14*0.000000907185 -> 0.15800291 | C21: =C14*0.000000907185 -> 0.12935481 | D21: =D14*0.000000907185 -> 0.089247482 | E21: =E14*0.000000907185 -> 0.085117925 | F21: =F14*0.000000907185 -> 0.072793954 | G21: =G14*0.000000907185 -> 0.00061954125 | H21: =H14*0.000000907185 -> 0.00043936326 | I21: =I14*0.000000907185 -> 0.00018711407 | ... AE21: =AE14*0.000000907185 -> 0.022951924
A22: cmv_c3 | B22: =B15*0.000000907185 -> 0.10827659 | C22: =C15*0.000000907185 -> 0.10673728 | D22: =D15*0.000000907185 -> 0.10458225 | E22: =E15*0.000000907185 -> 0.10448182 | F22: =F15*0.000000907185 -> 0.10397145 | G22: =G15*0.000000907185 -> 0.0045895049 | H22: =H15*0.000000907185 -> 0.0053756976 | I22: =I15*0.000000907185 -> 0.0064763675 | ... AE22: =AE15*0.000000907185 -> 0.020754174
A24: Step 4. Get an estimate of national travel demand from GCAM-USA 5.4 outputs
A27: scenario | B27: region | C27: subsector | D27: technology | E27: 2015 | F27: 2020 | G27: 2025 | H27: 2030 | I27: 2035 | J27: 2040 | K27: 2045 | L27: 2050 | M27: Units
A28: GLIMPSE-Reference,date=2022-25-7T16:47:52-04:00 | B28: Total | C28: Domestic Ship | D28: Liquids | E28: 1050000 | F28: 1060000 | G28: 1060000 | H28: 911000 | I28: 720000 | J28: 641000 | K28: 632000 | L28: 626000 | M28: million ton-km
A29: GLIMPSE-Reference,date=2022-25-7T16:47:52-04:00 | B29: Total | C29: International Ship | D29: Liquids | E29: 13600000 | F29: 13500000 | G29: 13100000 | H29: 10700000 | I29: 7130000 | J29: 6090000 | K29: 5890000 | L29: 5850000 | M29: million ton-km
A30: GLIMPSE-Reference,date=2022-25-7T16:47:52-04:00 | B30: Total | C30: Domestic Ship | D30: BEV | E30: 0 | F30: 0 | G30: 0 | H30: 0 | I30: 12800 | J30: 34100 | K30: 88700 | L30: 186000 | M30: million ton-km
A31: GLIMPSE-Reference,date=2022-25-7T16:47:52-04:00 | B31: Total | C31: Domestic Ship | D31: FCEV | E31: 0 | F31: 0 | G31: 0 | H31: 0 | I31: 6470 | J31: 21400 | K31: 64600 | L31: 150000 | M31: million ton-km
A32: GLIMPSE-Reference,date=2022-25-7T16:47:52-04:00 | B32: Total | C32: Domestic Ship | D32: Hybrid Liquids | E32: 0 | F32: 58500 | G32: 201000 | H32: 528000 | I32: 886000 | J32: 1060000 | K32: 1130000 | L32: 1130000 | M32: million ton-km
A33: GLIMPSE-Reference,date=2022-25-7T16:47:52-04:00 | B33: Total | C33: International Ship | D33: BEV | E33: 0 | F33: 0 | G33: 0 | H33: 0 | I33: 1370 | J33: 3940 | K33: 11400 | L33: 27500 | M33: million ton-km
A34: GLIMPSE-Reference,date=2022-25-7T16:47:52-04:00 | B34: Total | C34: International Ship | D34: FCEV | E34: 0 | F34: 0 | G34: 0 | H34: 0 | I34: 17100 | J34: 67400 | K34: 255000 | L34: 776000 | M34: million ton-km
A35: GLIMPSE-Reference,date=2022-25-7T16:47:52-04:00 | B35: Total | C35: International Ship | D35: Hybrid Liquids | E35: 0 | F35: 451000 | G35: 1650000 | H35: 4960000 | I35: 9610000 | J35: 11400000 | K35: 12300000 | L35: 12700000 | M35: million ton-km
D37: Total demand | E37: 2015 | F37: 2020 | G37: 2025 | H37: 2030 | I37: 2035 | J37: 2040 | K37: 2045 | L37: 2050
D38: Domestic Ship | E38: =E28+E30+E31+E32 -> 1050000 | F38: =F28+F30+F31+F32 -> 1118500 | G38: =G28+G30+G31+G32 -> 1261000 | H38: =H28+H30+H31+H32 -> 1439000 | I38: =I28+I30+I31+I32 -> 1625270 | J38: =J28+J30+J31+J32 -> 1756500 | K38: =K28+K30+K31+K32 -> 1915300 | L38: =L28+L30+L31+L32 -> 2092000
D39: International Ship | E39: =E29+E33+E34+E35 -> 13600000 | F39: =F29+F33+F34+F35 -> 13951000 | G39: =G29+G33+G34+G35 -> 14750000 | H39: =H29+H33+H34+H35 -> 15660000 | I39: =I29+I33+I34+I35 -> 16758470 | J39: =J29+J33+J34+J35 -> 17561340 | K39: =K29+K33+K34+K35 -> 18456400 | L39: =L29+L33+L34+L35 -> 19353500
A41: Step 5. Estimate output-based emission factors based on steps 3 and 4
D43: Emission factors based on EPA emissions and GCAM service demands | J43: Deltas relative to 2015
E44: 2015 | F44: 2020 | G44: 2025 | H44: 2030 | I44: 2035 | J44: 2015 | K44: 2020 | L44: 2025 | M44: 2030 | N44: 2035
C45: Domestic Ship | D45: NOx | E45: =B21/E38 -> 1.5047896e-07 | F45: =C21/F38 -> 1.1565026e-07 | G45: =D21/G38 -> 7.0775164e-08 | H45: =E21/H38 -> 5.9150747e-08 | I45: =F21/I38 -> 4.4788838e-08 | J45: =E45/$E45 -> 1 | K45: =F45/$E45 -> 0.7685477 | L45: =G45/$E45 -> 0.47033262 | M45: =H45/$E45 -> 0.39308317 | N45: =I45/$E45 -> 0.29764186
C46: Domestic Ship | D46: SO2 | E46: =G21/E38 -> 5.9003929e-10 | F46: =H21/F38 -> 3.9281472e-10 | G46: =I21/G38 -> 1.4838547e-10 | H46: =J21/H38 -> 1.5629254e-10 | I46: =K21/I38 -> 1.3973006e-10 | J46: =E46/$E46 -> 1 | K46: =F46/$E46 -> 0.66574333 | L46: =G46/$E46 -> 0.25148405 | M46: =H46/$E46 -> 0.26488497 | N46: =I46/$E46 -> 0.23681484
C47: Domestic Ship | D47: PM2.5 | E47: =L21/E38 -> 3.993598e-09 | F47: =M21/F38 -> 3.072353e-09 | G47: =N21/G38 -> 1.8848812e-09 | H47: =O21/H38 -> 1.5702988e-09 | I47: =P21/I38 -> 1.1837898e-09 | J47: =E47/$E47 -> 1 | K47: =F47/$E47 -> 0.76931953 | L47: =G47/$E47 -> 0.4719757 | M47: =H47/$E47 -> 0.39320402 | N47: =I47/$E47 -> 0.29642188
C48: Domestic Ship | D48: PM10 | E48: =Q21/E38 -> 4.120545e-09 | F48: =R21/F38 -> 3.1700134e-09 | G48: =S21/G38 -> 1.9447922e-09 | H48: =T21/H38 -> 1.6202068e-09 | I48: =U21/I38 -> 1.221408e-09 | J48: =E48/$E48 -> 1 | K48: =F48/$E48 -> 0.76931897 | L48: =G48/$E48 -> 0.4719745 | M48: =H48/$E48 -> 0.39320206 | N48: =I48/$E48 -> 0.29641905
C49: Domestic Ship | D49: NMVOC | E49: =V21/E38 -> 5.9441239e-09 | F49: =W21/F38 -> 4.5170371e-09 | G49: =X21/G38 -> 2.6864966e-09 | H49: =Y21/H38 -> 2.2751327e-09 | I49: =Z21/I38 -> 1.7439961e-09 | J49: =E49/$E49 -> 1 | K49: =F49/$E49 -> 0.75991637 | L49: =G49/$E49 -> 0.45195838 | M49: =H49/$E49 -> 0.38275324 | N49: =I49/$E49 -> 0.29339834
C50: Domestic Ship | D50: CO | E50: =AA21/E38 -> 2.1021988e-08 | F50: =AB21/F38 -> 1.9842038e-08 | G50: =AC21/G38 -> 1.7733263e-08 | H50: =AD21/H38 -> 1.571274e-08 | I50: =AE21/I38 -> 1.4121915e-08 | J50: =E50/$E50 -> 1 | K50: =F50/$E50 -> 0.94387069 | L50: =G50/$E50 -> 0.84355788 | M50: =H50/$E50 -> 0.74744309 | N50: =I50/$E50 -> 0.67176875
E52: 2015 | F52: 2020 | G52: 2025 | H52: 2030 | I52: 2035 | J52: 2015 | K52: 2020 | L52: 2025 | M52: 2030 | N52: 2035
C53: International Ship | D53: NOx | E53: =B22/E39 -> 7.9615138e-09 | F53: =C22/F39 -> 7.6508694e-09 | G53: =D22/G39 -> 7.0903218e-09 | H53: =E22/H39 -> 6.6718912e-09 | I53: =F22/I39 -> 6.2041136e-09 | J53: =E53/$E53 -> 1 | K53: =F53/$E53 -> 0.96098174 | L53: =G53/$E53 -> 0.89057457 | M53: =H53/$E53 -> 0.83801792 | N53: =I53/$E53 -> 0.77926306
C54: International Ship | D54: SO2 | E54: =G22/E39 -> 3.3746359e-10 | F54: =H22/F39 -> 3.8532705e-10 | G54: =I22/G39 -> 4.3907576e-10 | H54: =J22/H39 -> 4.2993444e-10 | I54: =K22/I39 -> 4.3260684e-10 | J54: =E54/$E54 -> 1 | K54: =F54/$E54 -> 1.1418329 | L54: =G54/$E54 -> 1.3011056 | M54: =H54/$E54 -> 1.2740172 | N54: =I54/$E54 -> 1.2819363
C55: International Ship | D55: PM2.5 | E55: =L22/E39 -> 1.4247753e-10 | F55: =M22/F39 -> 1.6305652e-10 | G55: =N22/G39 -> 1.8622045e-10 | H55: =O22/H39 -> 1.8273987e-10 | I55: =P22/I39 -> 1.8436508e-10 | J55: =E55/$E55 -> 1 | K55: =F55/$E55 -> 1.1444368 | L55: =G55/$E55 -> 1.3070163 | M55: =H55/$E55 -> 1.2825873 | N55: =I55/$E55 -> 1.2939941
C56: International Ship | D56: PM10 | E56: =Q22/E39 -> 1.5486692e-10 | F56: =R22/F39 -> 1.772354e-10 | G56: =S22/G39 -> 2.0241358e-10 | H56: =T22/H39 -> 1.9863035e-10 | I56: =U22/I39 -> 2.0039689e-10 | J56: =E56/$E56 -> 1 | K56: =F56/$E56 -> 1.1444368 | L56: =G56/$E56 -> 1.3070163 | M56: =H56/$E56 -> 1.2825873 | N56: =I56/$E56 -> 1.2939941
C57: International Ship | D57: NMVOC | E57: =V22/E39 -> 5.8202555e-10 | F57: =W22/F39 -> 6.6943399e-10 | G57: =X22/G39 -> 7.6830441e-10 | H57: =Y22/H39 -> 7.5588234e-10 | I57: =Z22/I39 -> 7.6521503e-10 | J57: =E57/$E57 -> 1 | K57: =F57/$E57 -> 1.1501797 | L57: =G57/$E57 -> 1.3200527 | M57: =H57/$E57 -> 1.2987099 | N57: =I57/$E57 -> 1.3147447
C58: International Ship | D58: CO | E58: =AA22/E39 -> 9.5878136e-10 | F58: =AB22/F39 -> 1.0957255e-09 | G58: =AC22/G39 -> 1.2496491e-09 | H58: =AD22/H39 -> 1.226985e-09 | I58: =AE22/I39 -> 1.2384289e-09 | J58: =E58/$E58 -> 1 | K58: =F58/$E58 -> 1.1428315 | L58: =G58/$E58 -> 1.3033723 | M58: =H58/$E58 -> 1.2797339 | N58: =I58/$E58 -> 1.2916698
A60: Step 6. Calculate an input-based emission factor based on inventory emissions, GCAM's energy use in 2015, and the output trends based on Step 5
B62: scenario | C62: region | D62: subsector | E62: technology | F62: 2015 | G62: 2020 | H62: 2025 | I62: 2030 | J62: 2035 | K62: 2040 | L62: 2045 | M62: 2050 | N62: Units
B63: GLIMPSE-Reference,date=2022-25-7T16:47:52-04:00 | C63: Total | D63: Domestic Ship | E63: Liquids | F63: 0.343 | G63: 0.339 | H63: 0.333 | I63: 0.281 | J63: 0.218 | K63: 0.193 | L63: 0.189 | M63: 0.186 | N63: EJ
B64: GLIMPSE-Reference,date=2022-25-7T16:47:52-04:00 | C64: Total | D64: Domestic Ship | E64: BEV | F64: 0 | G64: 0 | H64: 0 | I64: 0 | J64: 0.00213 | K64: 0.00563 | L64: 0.0146 | M64: 0.0303 | N64: EJ
B65: GLIMPSE-Reference,date=2022-25-7T16:47:52-04:00 | C65: Total | D65: Domestic Ship | E65: FCEV | F65: 0 | G65: 0 | H65: 0 | I65: 0 | J65: 0.00143 | K65: 0.00471 | L65: 0.0141 | M65: 0.0327 | N65: EJ
B66: GLIMPSE-Reference,date=2022-25-7T16:47:52-04:00 | C66: Total | D66: Domestic Ship | E66: Hybrid Liquids | F66: 0 | G66: 0.0157 | H66: 0.0538 | I66: 0.141 | J66: 0.235 | K66: 0.279 | L66: 0.296 | M66: 0.296 | N66: EJ
B67: GLIMPSE-Reference,date=2022-25-7T16:47:52-04:00 | C67: Total | D67: International Ship | E67: Liquids | F67: 1.43 | G67: 1.41 | H67: 1.37 | I67: 1.11 | J67: 0.735 | K67: 0.624 | L67: 0.601 | M67: 0.594 | N67: EJ
B68: GLIMPSE-Reference,date=2022-25-7T16:47:52-04:00 | C68: Total | D68: International Ship | E68: BEV | F68: 0 | G68: 0 | H68: 0 | I68: 0 | J68: 7.07e-05 | K68: 0.000202 | L68: 0.000582 | M68: 0.00139 | N68: EJ
B69: GLIMPSE-Reference,date=2022-25-7T16:47:52-04:00 | C69: Total | D69: International Ship | E69: FCEV | F69: 0 | G69: 0 | H69: 0 | I69: 0 | J69: 0.00117 | K69: 0.00461 | L69: 0.0173 | M69: 0.0525 | N69: EJ
B70: GLIMPSE-Reference,date=2022-25-7T16:47:52-04:00 | C70: Total | D70: International Ship | E70: Hybrid Liquids | F70: 0 | G70: 0.0376 | H70: 0.137 | I70: 0.411 | J70: 0.792 | K70: 0.935 | L70: 1 | M70: 1.03 | N70: EJ
F72: Fuel use
F73: 2015
E74: Domestic Ship | F74: =SUM(F63:F66) -> 0.343
E75: International Ship | F75: =SUM(F67:F70) -> 1.43
K76: 2015 Pre-Scaled emissions | N76: 2015 Inventory | P76: Scaling
K77: Emission factors
E78: Original emission factors | H78: Scaled emission factors | L78: Domestic | M78: Int'l | N78: Domestic | O78: Int'l | P78: Domestic | Q78: Int'l
F79: Domestic Ship | G79: International Ship | H79: Domestic Ship | I79: International Ship | K79: CO | L79: =GCAMResult_preScale!G32 -> 0.064431487 | M79: =GCAMResult_preScale!H32 -> 0.0090909091 | N79: =AA21/F74 -> 0.064353024 | O79: =AA22/F75 -> 0.00911848 | P79: =N79/L79 -> 0.99878223 | Q79: =O79/M79 -> 1.0030328
D80: NOx | E80: 2015 | F80: =GCAMResult_preScale!G27 -> 0.4606414 | G80: =GCAMResult_preScale!H27 -> 0.075524476 | H80: =F80*P$81 -> 0.46064988 | I80: =G80*Q$81 -> 0.075717894 | K80: NMVOC | L80: =GCAMResult_preScale!G31 -> 0.01819242 | M80: =GCAMResult_preScale!H31 -> 0.0055174825 | N80: =V21/F74 -> 0.018196298 | O80: =V22/F75 -> 0.0055353479 | P80: =N80/L80 -> 1.0002132 | Q80: =O80/M80 -> 1.003238
E81: 2020 | F81: =F80*'Calcs (2)'!K45 -> 0.35402489 | G81: =$G80*'Calcs (2)'!K53 -> 0.072577642 | H81: =F81*P$81 -> 0.3540314 | I81: =G81*Q$81 -> 0.072763513 | K81: NOx | L81: =GCAMResult_preScale!G27 -> 0.4606414 | M81: =GCAMResult_preScale!H27 -> 0.075524476 | N81: =B21/F74 -> 0.46064988 | O81: =B22/F75 -> 0.075717894 | P81: =N81/L81 -> 1.0000184 | Q81: =O81/M81 -> 1.002561
E82: 2025 | F82: =F80*'Calcs (2)'!L45 -> 0.21665468 | G82: =$G80*'Calcs (2)'!L53 -> 0.067260177 | H82: =F82*P$81 -> 0.21665867 | I82: =G82*Q$81 -> 0.067432431 | K82: PM10 | L82: =GCAMResult_preScale!G30 -> 0.012623907 | M82: =GCAMResult_preScale!H30 -> 0.0014685315 | N82: =Q21/F74 -> 0.012613913 | O82: =Q22/F75 -> 0.0014728602 | P82: =N82/L82 -> 0.99920837 | Q82: =O82/M82 -> 1.0029477
E83: 2030 | F83: =F80*'Calcs (2)'!M45 -> 0.18107038 | G83: =$G80*'Calcs (2)'!M53 -> 0.063290864 | H83: =F83*P$81 -> 0.18107371 | I83: =G83*Q$81 -> 0.063452952 | K83: PM2.5 | L83: =GCAMResult_preScale!G29 -> 0.012244898 | M83: =GCAMResult_preScale!H29 -> 0.0013496503 | N83: =L21/F74 -> 0.0122253 | O83: =L22/F75 -> 0.001355031 | P83: =N83/L83 -> 0.99839951 | Q83: =O83/M83 -> 1.0039867
E84: 2035 | F84: =F80*'Calcs (2)'!N45 -> 0.13710616 | G84: =$G80*'Calcs (2)'!N53 -> 0.058853434 | H84: =F84*P$81 -> 0.13710869 | I84: =G84*Q$81 -> 0.059004158 | K84: SO2 | L84: =GCAMResult_preScale!G28 -> 0.047813411 | M84: =GCAMResult_preScale!H28 -> 0.37622378 | N84: =G21/F74 -> 0.0018062427 | O84: =G22/F75 -> 0.003209444 | P84: =N84/L84 -> 0.037776906 | Q84: =O84/M84 -> 0.0085306782
D85: SO2 | E85: 2015 | F85: =L84 -> 0.047813411 | G85: =M84 -> 0.37622378 | H85: =F85*P$84 -> 0.0018062427 | I85: =G85*Q$84 -> 0.003209444
E86: 2020 | F86: =F85*'Calcs (2)'!K46 -> 0.031831459 | G86: =$G85*'Calcs (2)'!K54 -> 0.4295847 | H86: =F86*P$84 -> 0.001202494 | I86: =G86*Q$84 -> 0.0036646488
E87: 2025 | F87: =F85*'Calcs (2)'!L46 -> 0.01202431 | G87: =$G85*'Calcs (2)'!L54 -> 0.48950685 | H87: =F87*P$84 -> 0.00045424123 | I87: =G87*Q$84 -> 0.0041758254
E88: 2030 | F88: =F85*'Calcs (2)'!M46 -> 0.012665054 | G88: =$G85*'Calcs (2)'!M54 -> 0.47931558 | H88: =F88*P$84 -> 0.00047844655 | I88: =G88*Q$84 -> 0.004088887
E89: 2035 | F89: =F85*'Calcs (2)'!N46 -> 0.011322926 | G89: =$G85*'Calcs (2)'!N54 -> 0.48229493 | H89: =F89*P$84 -> 0.00042774509 | I89: =G89*Q$84 -> 0.0041143028
D90: PM2.5 | E90: 2015 | F90: =L83 -> 0.012244898 | G90: =M83 -> 0.0013496503 | H90: =F90*P$83 -> 0.0122253 | I90: =G90*Q$83 -> 0.001355031
E91: 2020 | F91: =F90*'Calcs (2)'!K47 -> 0.0094202392 | G91: =$G90*'Calcs (2)'!K55 -> 0.0015445895 | H91: =F91*P$83 -> 0.0094051622 | I91: =G91*Q$83 -> 0.0015507473
E92: 2025 | F92: =F90*'Calcs (2)'!L47 -> 0.0057792943 | G92: =$G90*'Calcs (2)'!L55 -> 0.0017640149 | H92: =F92*P$83 -> 0.0057700446 | I92: =G92*Q$83 -> 0.0017710476
E93: 2030 | F93: =F90*'Calcs (2)'!M47 -> 0.0048147431 | G93: =$G90*'Calcs (2)'!M55 -> 0.0017310444 | H93: =F93*P$83 -> 0.0048070371 | I93: =G93*Q$83 -> 0.0017379456
E94: 2035 | F94: =F90*'Calcs (2)'!N47 -> 0.0036296556 | G94: =$G90*'Calcs (2)'!N55 -> 0.0017464396 | H94: =F94*P$83 -> 0.0036238464 | I94: =G94*Q$83 -> 0.0017534022
D95: PM10 | E95: 2015 | F95: =L82 -> 0.012623907 | G95: =M82 -> 0.0014685315 | H95: =F95*P$82 -> 0.012613913 | I95: =G95*Q$82 -> 0.0014728602
E96: 2020 | F96: =F95*'Calcs (2)'!K48 -> 0.0097118109 | G96: =$G95*'Calcs (2)'!K56 -> 0.0016806414 | H96: =F96*P$82 -> 0.0097041228 | I96: =G96*Q$82 -> 0.0016855954
E97: 2025 | F97: =F95*'Calcs (2)'!L48 -> 0.0059581621 | G97: =$G95*'Calcs (2)'!L56 -> 0.0019193945 | H97: =F97*P$82 -> 0.0059534454 | I97: =G97*Q$82 -> 0.0019250523
E98: 2030 | F98: =F95*'Calcs (2)'!M48 -> 0.0049637462 | G98: =$G95*'Calcs (2)'!M56 -> 0.0018835199 | H98: =F98*P$82 -> 0.0049598167 | I98: =G98*Q$82 -> 0.0018890719
E99: 2035 | F99: =F95*'Calcs (2)'!N48 -> 0.0037419664 | G99: =$G95*'Calcs (2)'!N56 -> 0.0019002711 | H99: =F99*P$82 -> 0.0037390042 | I99: =G99*Q$82 -> 0.0019058725
D100: VOC | E100: 2015 | F100: =L80 -> 0.01819242 | G100: =M80 -> 0.0055174825 | H100: =F100*P$80 -> 0.018196298 | I100: =G100*Q$80 -> 0.0055353479
E101: 2020 | F101: =F100*'Calcs (2)'!K49 -> 0.013824718 | G101: =$G100*'Calcs (2)'!K57 -> 0.0063460965 | H101: =F101*P$80 -> 0.013827665 | I101: =G101*Q$80 -> 0.0063666449
E102: 2025 | F102: =F100*'Calcs (2)'!L49 -> 0.0082222165 | G102: =$G100*'Calcs (2)'!L57 -> 0.0072833678 | H102: =F102*P$80 -> 0.0082239691 | I102: =G102*Q$80 -> 0.007306951
E103: 2030 | F103: =F100*'Calcs (2)'!M49 -> 0.0069632076 | G103: =$G100*'Calcs (2)'!M57 -> 0.0071656091 | H103: =F103*P$80 -> 0.0069646918 | I103: =G103*Q$80 -> 0.007188811
E104: 2035 | F104: =F100*'Calcs (2)'!N49 -> 0.0053376257 | G104: =$G100*'Calcs (2)'!N57 -> 0.0072540811 | H104: =F104*P$80 -> 0.0053387635 | I104: =G104*Q$80 -> 0.0072775695
D105: CO | E105: 2015 | F105: =L79 -> 0.064431487 | G105: =M79 -> 0.0090909091 | H105: =F105*P$79 -> 0.064353024 | I105: =G105*Q$79 -> 0.00911848
E106: 2020 | F106: =F105*'Calcs (2)'!K50 -> 0.060814992 | G106: =$G105*'Calcs (2)'!K58 -> 0.010389377 | H106: =F106*P$79 -> 0.060740933 | I106: =G106*Q$79 -> 0.010420886
E107: 2025 | F107: =F105*'Calcs (2)'!L50 -> 0.054351688 | G107: =$G105*'Calcs (2)'!L58 -> 0.011848839 | H107: =F107*P$79 -> 0.0542855 | I107: =G107*Q$79 -> 0.011884774
E108: 2030 | F108: =F105*'Calcs (2)'!M50 -> 0.04815887 | G108: =$G105*'Calcs (2)'!M58 -> 0.011633945 | H108: =F108*P$79 -> 0.048100223 | I108: =G108*Q$79 -> 0.011669228
E109: 2035 | F109: =F105*'Calcs (2)'!N50 -> 0.04328306 | G109: =$G105*'Calcs (2)'!N58 -> 0.011742453 | H109: =F109*P$79 -> 0.043230351 | I109: =G109*Q$79 -> 0.011778065

Sheet GCAMResult_preScale
A1: scenario | B1: region | C1: sector | D1: subsector | E1: subsector | F1: technology | G1: GHG | H1: 2015 | I1: 2020 | J1: 2025 | K1: 2030 | L1: 2035 | M1: 2040 | N1: 2045 | O1: 2050 | P1: Units
A2: GLIMPSE-Ref-20221117-RPS,date=2022-18-11T08:47:27-05:00 | B2: Total | C2: trn_freight | D2: Domestic Ship | E2: Liquids | F2: N/A | G2: BC | H2: 0.0154 | I2: 0.0158 | J2: 0.0154 | K2: 0.013 | L2: 0.00998 | M2: 0.0089 | N2: 0.00873 | O2: 0.00854 | P2: Tg
A3: GLIMPSE-Ref-20221117-RPS,date=2022-18-11T08:47:27-05:00 | B3: Total | C3: trn_freight | D3: Domestic Ship | E3: Liquids | F3: N/A | G3: CO | H3: 0.0221 | I3: 0.0206 | J3: 0.0181 | K3: 0.0135 | L3: 0.00931 | M3: 0.0083 | N3: 0.00814 | O3: 0.00796 | P3: Tg
A4: GLIMPSE-Ref-20221117-RPS,date=2022-18-11T08:47:27-05:00 | B4: Total | C4: trn_freight | D4: Domestic Ship | E4: Liquids | F4: N/A | G4: CO2 | H4: 6.73 | I4: 6.66 | J4: 6.53 | K4: 5.48 | L4: 4.22 | M4: 3.77 | N4: 3.69 | O4: 3.61 | P4: MTC
A5: GLIMPSE-Ref-20221117-RPS,date=2022-18-11T08:47:27-05:00 | B5: Total | C5: trn_freight | D5: Domestic Ship | E5: Liquids | F5: N/A | G5: NMVOC | H5: 0.00624 | I5: 0.0047 | J5: 0.00274 | K5: 0.00195 | L5: 0.00115 | M5: 0.00103 | N5: 0.00101 | O5: 0.000983 | P5: Tg
A6: GLIMPSE-Ref-20221117-RPS,date=2022-18-11T08:47:27-05:00 | B6: Total | C6: trn_freight | D6: Domestic Ship | E6: Liquids | F6: N/A | G6: NOx | H6: 0.158 | I6: 0.12 | J6: 0.0722 | K6: 0.0506 | L6: 0.0295 | M6: 0.0263 | N6: 0.0258 | O6: 0.0252 | P6: Tg
A7: GLIMPSE-Ref-20221117-RPS,date=2022-18-11T08:47:27-05:00 | B7: Total | C7: trn_freight | D7: Domestic Ship | E7: Liquids | F7: N/A | G7: OC | H7: 0.0127 | I7: 0.0131 | J7: 0.0128 | K7: 0.0108 | L7: 0.00828 | M7: 0.00739 | N7: 0.00724 | O7: 0.00708 | P7: Tg
A8: GLIMPSE-Ref-20221117-RPS,date=2022-18-11T08:47:27-05:00 | B8: Total | C8: trn_freight | D8: Domestic Ship | E8: Liquids | F8: N/A | G8: PM10 | H8: 0.00433 | I8: 0.0033 | J8: 0.00198 | K8: 0.00139 | L8: 0.000805 | M8: 0.000718 | N8: 0.000704 | O8: 0.000689 | P8: Tg
A9: GLIMPSE-Ref-20221117-RPS,date=2022-18-11T08:47:27-05:00 | B9: Total | C9: trn_freight | D9: Domestic Ship | E9: Liquids | F9: N/A | G9: PM2.5 | H9: 0.0042 | I9: 0.0032 | J9: 0.00192 | K9: 0.00134 | L9: 0.00078 | M9: 0.000696 | N9: 0.000682 | O9: 0.000667 | P9: Tg
A10: GLIMPSE-Ref-20221117-RPS,date=2022-18-11T08:47:27-05:00 | B10: Total | C10: trn_freight | D10: Domestic Ship | E10: Liquids | F10: N/A | G10: SO2 | H10: 0.0164 | I10: 0.0161 | J10: 0.0155 | K10: 0.013 | L10: 0.01 | M10: 0.00894 | N10: 0.00876 | O10: 0.00857 | P10: Tg
A11: GLIMPSE-Ref-20221117-RPS,date=2022-18-11T08:47:27-05:00 | B11: Total | C11: trn_shipping_intl | D11: International Ship | E11: Liquids | F11: N/A | G11: BC | H11: 0.0158 | I11: 0.0156 | J11: 0.0151 | K11: 0.0122 | L11: 0.00808 | M11: 0.00689 | N11: 0.00663 | O11: 0.00654 | P11: Tg
A12: GLIMPSE-Ref-20221117-RPS,date=2022-18-11T08:47:27-05:00 | B12: Total | C12: trn_shipping_intl | D12: International Ship | E12: Liquids | F12: N/A | G12: CO | H12: 0.013 | I12: 0.0147 | J12: 0.0162 | K12: 0.0129 | L12: 0.00861 | M12: 0.00735 | N12: 0.00707 | O12: 0.00697 | P12: Tg
... A20: GLIMPSE-Ref-20221117-RPS,date=2022-18-11T08:47:27-05:00 | B20: Total | C20: trn_shipping_intl | D20: International Ship | E20: Liquids | F20: N/A | G20: SO2 | H20: 0.538 | I20: 0.532 | J20: 0.517 | K20: 0.417 | L20: 0.276 | M20: 0.236 | N20: 0.227 | O20: 0.224 | P20: Tg
A22: scenario | B22: region | D22: subsector | E22: technology | H22: 2015 | I22: 2020 | J22: 2025 | K22: 2030 | L22: 2035 | M22: 2040 | N22: 2045 | O22: 2050 | P22: Units
A23: GLIMPSE-Ref-20221117-RPS,date=2022-18-11T08:47:27-05:00 | B23: Total | C23: Domestic Ship | G23: Liquids | H23: 0.343 | I23: 0.34 | J23: 0.333 | K23: 0.28 | L23: 0.215 | M23: 0.192 | N23: 0.188 | O23: 0.184 | P23: EJ
A24: GLIMPSE-Ref-20221117-RPS,date=2022-18-11T08:47:27-05:00 | B24: Total | C24: International Ship | G24: Liquids | H24: 1.43 | I24: 1.41 | J24: 1.37 | K24: 1.1 | L24: 0.731 | M24: 0.624 | N24: 0.6 | O24: 0.592 | P24: EJ
E26: Initial Efs | G26: Dom | H26: Intl
F27: NOx | G27: =H6/H23 -> 0.4606414 | H27: =H16/H24 -> 0.075524476
F28: SO2 | G28: =H10/H23 -> 0.047813411 | H28: =H20/H24 -> 0.37622378
F29: PM2.5 | G29: =H9/H23 -> 0.012244898 | H29: =H19/H24 -> 0.0013496503
F30: PM10 | G30: =H8/H23 -> 0.012623907 | H30: =H18/H24 -> 0.0014685315
F31: NMVOC | G31: =H5/H23 -> 0.01819242 | H31: =H15/H24 -> 0.0055174825
F32: CO | G32: =H3/H23 -> 0.064431487 | H32: =H12/H24 -> 0.0090909091
F33: NH3 | H33: =H14/H24 -> 0.00084615385
